{
  "Records": [
    {
      "messageId": "059f36b4-87a3-44ab-83d2-661975830a7d",

      "receiptHandle": "AQEBwJnKyrHigUMZj6rYigCgxlaS3SLy0a...",

      "body": "{\"doc_id\":\"632da0542f4173004c8813dc\",\"type\":\"disbursement\",\"uploaded_by\":\"6221d9fc3b71ef00410fca80\",\"aggregator_user_id\":\"6220c86f9f93590038d95e87\",\"product_id\":\"SKbZDloB\",\"lender_id\":59736522325,\"lender_user_id\":\"62161333967c2f00385b2695\",\"user_mapping_id\":\"63077f106fdc13004100f50a\",\"records_in_db\":false,\"totalRecords\":1}",

      "attributes": {
        "ApproximateReceiveCount": "1",

        "SentTimestamp": "1545082649183",

        "SenderId": "AIDAIENQZJOLO23YVJ4VO",

        "ApproximateFirstReceiveTimestamp": "1545082649185"
      },

      "messageAttributes": {},

      "md5OfBody": "098f6bcd4621d373cade4e832627b4f6",

      "eventSource": "aws:sqs",

      "eventSourceARN": "arn:aws:sqs:us-east-2:123456789012:my-queue",

      "awsRegion": "us-east-2"
    }
  ]
}
