{
	"Records": [
		{
			"messageId": "059f36b4-87a3-44ab-83d2-661975830a7d",

			"receiptHandle": "AQEBwJnKyrHigUMZj6rYigCgxlaS3SLy0a...",

			"body": "{\"data\":{\"id\":\"17778291981\"},\"filter\":\"true\",\"key\":\"application_created\",\"event\":\"application.created\",\"requirements\":\"business+gst\",\"hook\":\"true\"}",

			"attributes": {
				"ApproximateReceiveCount": "1",

				"SentTimestamp": "1545082649183",

				"SenderId": "AIDAIENQZJOLO23YVJ4VO",

				"ApproximateFirstReceiveTimestamp": "1545082649185"
			},

			"messageAttributes": {},

			"md5OfBody": "098f6bcd4621d373cade4e832627b4f6",

			"eventSource": "aws:sqs",

			"eventSourceARN": "arn:aws:sqs:us-east-2:123456789012:my-queue",

			"awsRegion": "us-east-2"
		}
	]
}
