"Case Id","Entity Name","Customer State","Bank with PDF","Bank months connected with PDF","Bank with Yodlee","Bank months connected with Yodlee","Total Banks connected per case","Total statement months analyzed per case","Statement Uploaded By Underwriter","Statement Uploaded By Merchant","Created On","Updated On"
1461100144,"Family Services United","Pennsylvania","Key Bank","6","","",1,6,6,0,"04/01/2022","04/01/2022"
14610933033,"NEW AGE THINKING, INC.","Washington","Key Bank","6","","",1,6,6,0,"03/30/2022","03/30/2022"
135448583030,"MEDIA 144 LLC","Ohio","Key Bank","6","","",1,6,6,0,"03/30/2022","03/30/2022"
10624843036,"STONE MOTORSPORTS","New York","Key Bank","6","","",1,6,6,0,"03/30/2022","03/30/2022"
21178882933,"Burns & Olson ","Oregon","Key Bank","6","","",1,6,6,0,"03/29/2022","03/29/2022"
149720852933,"Chateau Properties","Oregon","Key Bank","6","","",1,6,6,0,"03/29/2022","03/29/2022"
48880122833,"AIR FLOW MECHANICAL SERVICES INC","Ohio","PNC Bank","6","","",1,6,6,0,"03/28/2022","03/28/2022"
30189002530,"BELTRAM RESTAURANT SERVICES LLC","Connecticut","Key Bank","29","","",1,29,29,0,"03/25/2022","03/25/2022"
56832032539,"Plastic Works LLC ","New York","Key Bank","6","","",1,6,6,0,"03/25/2022","03/25/2022"
33163762337,"KATHLEEN DAVIDSON DBA DEW SERVICES ","Pennsylvania","Key Bank","12","","",1,12,12,0,"03/23/2022","03/23/2022"
25461242231,"MTS Transport LLC","Washington","US BANK","4","","",1,4,4,0,"03/22/2022","03/22/2022"
118155592138,"AC Express LLC","Washington","Bank of America","5","","",1,5,5,0,"03/21/2022","03/21/2022"
84437671636,"commercial boiler and burner ","New York","Chase Bank","1","","",1,1,1,0,"03/16/2022","03/16/2022"
84873501630,"Commercial Boiler and Burner ","New York","Chase Bank,PNC Bank","6,7","","",2,13,11,0,"03/16/2022","03/16/2022"
84437591532,"Kellner Bros Inc ","New York","Key Bank","6","","",1,6,6,0,"03/15/2022","03/15/2022"
8487343133,"Clark House LLC (Lucas Confectionery)","New York","Key Bank","6","","",1,6,6,0,"03/01/2022","03/01/2022"
30188782522,"ATL Logistics Inc","Washington","Chase Bank","6","","",1,6,6,0,"02/25/2022","02/25/2022"
84873382324,"STEARNS LOGGING, INC.","New York","Key Bank","6","","",1,6,6,0,"02/23/2022","02/23/2022"
10094551726,"ELEXUM LLC","Colorado","Wells Fargo Bank","3","","",1,3,3,0,"02/17/2022","02/17/2022"
79793061528,"Century Maintenance Inc","Colorado","Key Bank","12","","",1,12,12,0,"02/15/2022","02/15/2022"
25460941529,"Shari Kline Inc","New York","Key Bank","6","","",1,6,6,0,"02/15/2022","02/15/2022"
144105341523,"D&S Transport ","Ohio","Key Bank","11","","",1,11,12,0,"02/15/2022","02/15/2022"
118155261522,"Nuventive LLC ","Pennsylvania","Key Bank","6","","",1,6,6,0,"02/15/2022","02/15/2022"
83472781424,"M & D Towing LLC","Pennsylvania","Wells Fargo Bank","4","","",1,4,4,0,"02/14/2022","02/14/2022"
118155181121,"Iglesia Pentecostal El Remanente Fiel ","Connecticut","Key Bank","12","","",1,12,12,0,"02/11/2022","02/11/2022"
79792871122,"Cesna Industries LLC","Pennsylvania","Key Bank","6","","",1,6,6,0,"02/11/2022","02/11/2022"
25460761028,"Polished Nail Studio & Spa LLC ","Pennsylvania","Bank of America","6","","",1,6,6,0,"02/10/2022","02/10/2022"
10008884822,"JC ROSE MULTI SERVICES INC","New York","Key Bank","12","","",1,12,12,0,"02/08/2022","02/08/2022"
5683155825,"Shiva Trucking LLC ","Washington","Chase Bank","6","","",1,6,6,0,"02/08/2022","02/08/2022"
5693905423,"Rodick Enterprises","New York","Key Bank","6","","",1,6,6,0,"02/04/2022","02/04/2022"
1009412320,"Unified Dwelling LLC ","Ohio","Chase Bank","6","","",1,6,6,0,"02/03/2022","02/03/2022"
8277598320,"Scratch Builders ","Vermont","Key Bank","6","","",1,6,6,0,"02/03/2022","02/03/2022"
10799201328,"Northern Crushing, LLC","New York","Key Bank","6","","",1,6,6,0,"02/03/2022","02/03/2022"
5683134326,"Green Acres Granite","Colorado","Key Bank","6","","",1,6,6,0,"02/03/2022","02/03/2022"
15323623227,"Brayley Laboy Enterprises LLC","New York","Key Bank","6","","",1,6,6,0,"02/02/2022","02/02/2022"
6666418226,"OSCAR SANTIAGO","Washington","Key Bank","6","","",1,6,6,0,"02/02/2022","02/02/2022"
2546049228,"Evergreen of WNY LLC","New York","Key Bank","6","","",1,6,6,0,"02/02/2022","02/02/2022"
2546046125,"2nd2nonerentals LLC","Ohio","PNC Bank","6","","",1,6,6,0,"02/01/2022","02/01/2022"
10287663129,"The Chowns Group","Pennsylvania","Key Bank","6","","",1,6,6,0,"02/01/2022","02/01/2022"
84436843116,"Haydens Lawn Grooming Inc","Vermont","Key Bank","12","","",1,12,12,0,"01/31/2022","01/31/2022"
66664033114,"SOS GENERAL CONTRACTORS LLC","New York","Citizens Bank","8","","",1,8,8,0,"01/31/2022","02/03/2022"
66663992811,"Punch and Die Metal Fabrications  M&T","New York","M&TBank","6","","",1,6,6,0,"01/28/2022","01/28/2022"
35242072817,"Punch and Die Metal Fabrications","New York","Key Bank","6","","",1,6,6,0,"01/28/2022","01/28/2022"
10093822814,"JB EXCELERATION LLC","New York","Key Bank","6","","",1,6,6,0,"01/28/2022","01/28/2022"
102876462818,"G A C A INC","Ohio","Key Bank","6","","",1,6,6,0,"01/28/2022","01/28/2022"
100088332813,"C. Turner Properties ","Michigan","Bank of America","12","","",1,12,12,0,"01/28/2022","01/28/2022"
33162672715,"Network Data Processing, LLC","Michigan","Chase Bank","3","","",1,3,3,0,"01/27/2022","01/27/2022"
30187852713,"JC Rahman Group LLC","New Jersey","Chase Bank","6","","",1,6,6,0,"01/27/2022","01/27/2022"
102876362610,"J Ray Enterprises LLC ","Indiana","Key Bank","7","","",1,7,7,0,"01/26/2022","01/26/2022"
56938502615,"Trimble Inc","New York","Key Bank","6","","",1,6,0,6,"01/26/2022","01/26/2022"
99328302616,"Saxony Thermal","Oregon","Key Bank","6","","",1,6,6,0,"01/26/2022","01/26/2022"
99328262518,"Manu Matozo","Pennsylvania","Bank of America","6","","",1,6,6,0,"01/25/2022","01/25/2022"
82775452516,"Ensers Lawn and Landscaping LLC","New York","Key Bank","6","","",1,6,6,0,"01/25/2022","01/25/2022"
84872452515,"LDC Realty LLC","Pennsylvania","Chase Bank","6","","",1,6,6,0,"01/25/2022","01/25/2022"
153235742511,"JC Rahman Group, LLC dba Rhythm & Brows","New Jersey","Chase Bank","6","","",1,6,6,0,"01/25/2022","01/25/2022"
153235722518,"American Environmental 2 ","Pennsylvania","Key Bank","5","","",1,5,5,0,"01/25/2022","01/25/2022"
153235682513,"American Environmental Vacuum Truck Ser","Pennsylvania","US BANK","5","","",1,5,5,0,"01/25/2022","01/25/2022"
33162442115,"Sentry Commercial Broker Advisory LLC","Connecticut","Key Bank","12","","",1,12,12,0,"01/21/2022","01/21/2022"
144104382112,"PRAWDZIK PROPERTIES LLC","New Jersey","Wells Fargo Bank","4","","",1,4,4,0,"01/21/2022","01/21/2022"
79791872116,"Jade Enterprises KNB LLC","New York","Key Bank","12","","",1,12,14,0,"01/21/2022","01/28/2022"
144104261717,"Maffei Salons Inc. ","New York","Chase Bank","12","","",1,12,6,0,"01/17/2022","01/17/2022"
66663381216,"CH WINES, LLC","Oregon","Key Bank","8","","",1,8,0,0,"01/12/2022","01/12/2022"
8487225710,"Copper Creek Builders LLC","Utah","Wells Fargo Bank","3","","",1,3,0,0,"01/07/2022","01/07/2022"
9932789718,"Pacific Domes Inc","Oregon","Key Bank","7","","",1,7,0,0,"01/07/2022","01/07/2022"
254597429121,"Dynamic Accession LLC","Pennsylvania","Chase Bank","6","","",1,6,0,0,"12/29/2021","12/29/2021"
352414822120,"Sudyod LLV","New Hampshire","TD Bank","2","","",1,2,0,0,"12/22/2021","12/22/2021"
301873016126,"L & K Trucking, Inc","Michigan","Key Bank","6","","",1,6,0,0,"12/16/2021","12/16/2021"
1181539414120,"FIRST ASSEMBLY OF GOD CHURCH OF IRWIN, PA","Pennsylvania","Key Bank","6","","",1,6,0,0,"12/14/2021","12/14/2021"
848720513128,"ALL SEASONS SPRINKLER & SEWER LLC","Colorado","Chase Bank","6","","",1,6,0,0,"12/13/2021","12/13/2021"
166028989127,"R T Custom Cabinetry Inc.","Utah","Key Bank","6","","",1,6,0,0,"12/09/2021","12/09/2021"
82774778128,"Restoration Dental PC","Utah","Key Bank,US BANK","6,4","","",2,10,0,0,"12/08/2021","12/08/2021"
56830178124,"GOSPEL ASSEMBLY CHURCH","Connecticut","Key Bank","12","","",1,12,0,0,"12/08/2021","12/08/2021"

